{
  "uzbekistan1": {
    "name": "Uzbequistão + Turcomenistão",
    "days": [
      {
        "date": "Dia 1",
        "city": "Chegada a Tashkent",
        "transport": [
          { "type": "voo", "text": "chegada" }
        ],
        "details": [
          {
            "label": null,
            "items": ["Chegada ~00:40", "Chegada ao hotel"]
          }
        ]
      },
      {
        "date": "Dia 2",
        "city": "Tashkent (dia completo)",
        "transport": [],
        "details": [
          { "label": "Manhã",  "items": ["Complexo Khast Imam (Alcorão de Uthman)", "Biblioteca Moyie Mubarek"] },
          { "label": "Almoço", "items": ["Central Asian Plov Center"] },
          { "label": "Tarde",  "items": ["Bazar Chorsu", "Metrô: Kosmonavtlar · Alisher Navoi"] },
          { "label": "Noite",  "items": ["Praça Amir Timur", "Jantar (Afsona ou Caravan)"] }
        ]
      },
      {
        "date": "Dia 3",
        "city": "Tashkent (moderno + cultura)",
        "transport": [],
        "details": [
          { "label": "Visitas", "items": ["Museu de Artes Aplicadas", "Museu de História do Uzbequistão"] },
          { "label": "Parques", "items": ["Parque Alisher Navoi", "Tashkent City Park"] },
          { "label": "Nota",    "items": ["Preparar malas (comboio cedo)"] }
        ]
      },
      {
        "date": "Dia 4",
        "city": "Tashkent → Samarcanda",
        "transport": [
          { "type": "comboio", "text": "08:37 → 11:46" }
        ],
        "details": [
          { "label": "Manhã", "items": ["Ida de manhã para a estação de comboios (bilhete de 20€).", "Chegada ao hotel"] },
          { "label": "Tarde", "items": ["Mausoléu Gur‑e Amir", "Passeio pelo centro histórico"] },
          { "label": "Noite", "items": ["Registan iluminado (imperdível)"] }
        ]
      },
      {
        "date": "Dia 5",
        "city": "Samarcanda (dia completo)",
        "transport": [],
        "details": [
          { "label": "Manhã",  "items": ["Registan (madraças)", "Mesquita Bibi‑Khanym"] },
          { "label": "Almoço", "items": ["Zona do Bazar Siab"] },
          { "label": "Tarde",  "items": ["Shah‑i‑Zinda (ritmo calmo)", "Chá em chaikhana tradicional"] }
        ]
      },
      {
        "date": "Dia 6",
        "city": "Samarcanda → Bucara",
        "transport": [
          { "type": "comboio", "text": "09:53 → 11:42" }
        ],
        "details": [
          { "label": null, "items": ["Chegada ao hotel"] },
          { "label": "Passeio", "items": ["Lyabi‑Hauz", "Nadir Divan‑Begi"] }
        ]
      },
      {
        "date": "Dia 7",
        "city": "Bucara (dia completo)",
        "transport": [],
        "details": [
          { "label": "Manhã", "items": ["Ark Fortress", "Bolo‑Haouz Mosque", "Po‑i‑Kalyan (minarete + mesquita)"] },
          { "label": "Tarde", "items": ["Chor Minor", "Cúpulas comerciais (Toqi Zargaron, Toqi Sarrafon)"] },
          { "label": "Noite", "items": ["Cidade iluminada"] }
        ]
      },
      {
        "date": "Dia 8",
        "city": "Bucara → Khiva",
        "transport": [
          { "type": "voo", "text": "" },
          { "type": "estrada", "text": "" }
        ],
        "details": [
          { "label": null, "items": ["Chegada ao hotel"] },
          { "label": "Tarde", "items": ["Primeira volta por Itchan Kala (cidade murada)"] },
          { "label": "Noite", "items": ["Pôr do sol nas muralhas", "Jantar dentro da cidade antiga"] }
        ]
      },
      {
        "date": "Dia 9",
        "city": "Khiva (dia completo)",
        "transport": [],
        "details": [
          { "label": "Manhã", "items": ["Kunya Ark", "Minarete Kalta Minor", "Palácio Tash‑Hauli"] },
          { "label": "Tarde", "items": ["Madrasa de Muhammad Amin Khan", "Minarete Islam Khodja (vista elevada)"] },
          { "label": "Noite", "items": ["Passeio final pela cidade murada"] }
        ]
      },
      {
        "date": "Dia 10",
        "city": "Khiva → Darvaza (Turcomenistão)",
        "transport": [
          { "type": "tour", "text": "" }
        ],
        "details": [
          { "label": "Destaque", "items": ["Cratera de gás (Porta do Inferno)"] }
        ]
      },
      {
        "date": "Dia 11",
        "city": "Darvaza → Ashgabat",
        "transport": [
          { "type": "tour", "text": "" }
        ],
        "details": [
          { "label": "Cidade", "items": ["Monumentos de mármore · paisagem urbana singular"] }
        ]
      },
      {
        "date": "Dia 12",
        "city": "Ashgabat → Mary · Merv (UNESCO)",
        "transport": [
          { "type": "tour", "text": "" }
        ],
        "details": [
          { "label": "História", "items": ["Merv Antiga · Rota da Seda"] }
        ]
      },
      {
        "date": "Dia 13",
        "city": "Mary → Bucara",
        "transport": [
          { "type": "tour", "text": "" }
        ],
        "details": [
          { "label": null, "items": ["Chegada ao hotel"] }
        ]
      },
      {
        "date": "Dia 14",
        "city": "Bucara → Tashkent → Lisboa",
        "transport": [
          { "type": "voo", "text": "" }
        ],
        "details": [
          { "label": "Regresso", "items": ["Voo para Lisboa"] }
        ]
      }
    ]
  },
  "patagonia1": {
    "name": "Patagónia + Buenos Aires + Rio",
    "days": [
      {
        "date": "Dia 1",
        "city": "Viagem para o Chile",
        "transport": [
          {
            "type": "avião",
            "text": ""
          }
        ],
        "details": [
          {
            "label": null,
            "items": [
              "Viagem para Santiago."
            ]
          }
        ]
      },
      {
        "date": "Dia 2",
        "city": "Visitar Santiago",
        "transport": [],
        "details": [
          {
            "label": null,
            "items": [
              "Começar pela Plaza de Armas (Catedral Metropolitana e edifícios históricos)",
              "Visitar o Palacio de La Moneda",
              "Almoço no Mercado Central ou no Bairro Lastarria",
              "Tarde no Bairro Lastarria e no Museu Nacional de Belas Artes",
              "Fim do dia no Cerro Santa Lucía para vista da cidade"
            ]
          }
        ]
      },
      {
        "date": "Dia 3",
        "city": "Visitar Santiago",
        "transport": [],
        "details": [
          {
            "label": null,
            "items": [
              "Visita ao Cerro San Cristóbal (vista da cidade e da Cordilheira dos Andes)",
              "Após almoço: tour a uma vinícola (Concha y Toro, Santa Rita ou Undurraga)",
              "Jantar em Providencia ou Vitacura"
            ]
          }
        ]
      },
      {
        "date": "Dia 4",
        "city": "Viagem para Puerto Natales",
        "transport": [
          {
            "type": "avião",
            "text": ""
          }
        ],
        "details": [
          {
            "label": null,
            "items": [
              "Passeio ao entardecer pela orla de Puerto Natales (fiordes e Monumento à Mão)"
            ]
          }
        ]
      },
      {
        "date": "Dia 5",
        "city": "Torres del Paine · Cavernas do Milodón",
        "transport": [
          {
            "type": "tour",
            "text": ""
          }
        ],
        "details": [
          {
            "label": null,
            "items": [
              "Saída de Puerto Natales para dia inteiro no Parque Nacional Torres del Paine",
              "Visita às Cavernas do Milodón",
              "Paradas: El Castillo, Laguna Amarga, lagos Nordenskjöld e Pehoé",
              "Caminhada até o Salto Grande com vista do Mirador Cuernos",
              "Região do Lago Grey: observar geleira e caminhada na floresta de lengas",
              "Regresso a Puerto Natales no final do dia"
            ]
          }
        ]
      },
      {
        "date": "Dia 6",
        "city": "Balmaceda & Serrano (navegação)",
        "transport": [
          {
            "type": "tour",
            "text": ""
          }
        ],
        "details": [
          {
            "label": null,
            "items": [
              "Navegação pelo Fiorde Última Esperanza (paisagens, fauna, montanhas e cascatas)",
              "Observação da Geleira Balmaceda",
              "Caminhada ao mirante da Geleira Serrano (PN Bernardo O’Higgins)",
              "Parada em estância para uísque com gelo milenar",
              "Regresso a Puerto Natales ao fim da tarde"
            ]
          }
        ]
      },
      {
        "date": "Dia 7",
        "city": "Ida para Punta Arenas",
        "transport": [
          {
            "type": "autocarro",
            "text": ""
          }
        ],
        "details": [
          {
            "label": null,
            "items": [
              "Chegada e passeio pelo centro histórico",
              "Plaza Muñoz Gamero, Mirador Cerro de la Cruz",
              "Orla do Estreito de Magalhães"
            ]
          }
        ]
      },
      {
        "date": "Dia 8",
        "city": "Punta Arenas · Isla Magdalena",
        "transport": [],
        "details": [
          {
            "label": null,
            "items": [
              "Passeio à Isla Magdalena para ver pinguins"
            ]
          }
        ]
      },
      {
        "date": "Dia 9",
        "city": "Punta Arenas → Puerto Williams",
        "transport": [
          {
            "type": "avião",
            "text": ""
          }
        ],
        "details": [
          {
            "label": null,
            "items": [
              "Trekking curto no Parque Dientes de Navarino ou passeio pelo porto"
            ]
          }
        ]
      },
      {
        "date": "Dia 10",
        "city": "Puerto Williams → Ushuaia",
        "transport": [
          {
            "type": "ferry",
            "text": ""
          }
        ],
        "details": [
          {
            "label": null,
            "items": [
              "Travessia de barco (ferry) até Ushuaia — passeio e transporte"
            ]
          }
        ]
      },
      {
        "date": "Dia 11",
        "city": "Ushuaia",
        "transport": [],
        "details": [
          {
            "label": null,
            "items": [
              "Visita ao Parque Nacional Tierra del Fuego"
            ]
          }
        ]
      },
      {
        "date": "Dia 12",
        "city": "Ushuaia → El Calafate",
        "transport": [
          {
            "type": "avião",
            "text": ""
          }
        ],
        "details": [
          {
            "label": null,
            "items": [
              "Explorar o centro de El Calafate (artesanato e cafés)"
            ]
          }
        ]
      },
      {
        "date": "Dia 13",
        "city": "El Calafate · Perito Moreno",
        "transport": [
          {
            "type": "tour",
            "text": ""
          }
        ],
        "details": [
          {
            "label": null,
            "items": [
              "Saída cedo rumo ao PN Los Glaciares para conhecer o Glaciar Perito Moreno"
            ]
          }
        ]
      },
      {
        "date": "Dia 14",
        "city": "El Calafate → Buenos Aires",
        "transport": [
          {
            "type": "avião",
            "text": ""
          }
        ],
        "details": [
          {
            "label": null,
            "items": [
              "De manhã: Glaciarium ou passeio pelo Lago Argentino",
              "Preparar tudo para o voo para Buenos Aires"
            ]
          }
        ]
      },
      {
        "date": "Dia 15",
        "city": "Buenos Aires",
        "transport": [],
        "details": [
          {
            "label": null,
            "items": [
              "City tour Hop On Hop Off",
              "Visitar Palermo e La Boca",
              "Café no centro histórico e passagem pelo marco da Mafalda"
            ]
          }
        ]
      },
      {
        "date": "Dia 16",
        "city": "Ida para o Rio de Janeiro",
        "transport": [
          {
            "type": "avião",
            "text": ""
          }
        ],
        "details": [
          {
            "label": null,
            "items": [
              "Voo para o Rio de Janeiro para dias de descanso"
            ]
          }
        ]
      },
      {
        "date": "Dia 17",
        "city": "Rio de Janeiro",
        "transport": [],
        "details": [
          {
            "label": null,
            "items": [
              "Praça XV e Paço Imperial",
              "Biblioteca do Real Gabinete Português de Leitura",
              "Pausa na Confeitaria Colombo",
              "Jantar animado na Lapa"
            ]
          }
        ]
      },
      {
        "date": "Dia 18",
        "city": "Rio de Janeiro",
        "transport": [],
        "details": [
          {
            "label": null,
            "items": [
              "Subida ao Cristo Redentor",
              "Bairro de Santa Teresa (ateliês, ruas de paralelepípedos, Parque das Ruínas)"
            ]
          }
        ]
      },
      {
        "date": "Dia 19",
        "city": "Rio de Janeiro",
        "transport": [],
        "details": [
          {
            "label": null,
            "items": [
              "Manhã em Copacabana e Ipanema (calçadão e praia)",
              "Tarde: bondinho ao Pão de Açúcar (vista da Baía de Guanabara)",
              "Passeio pela Urca e jantar à beira‑mar"
            ]
          }
        ]
      },
      {
        "date": "Dia 20",
        "city": "Rio de Janeiro",
        "transport": [],
        "details": [
          {
            "label": null,
            "items": [
              "Manhã no Jardim Botânico",
              "Almoço próximo à Lagoa Rodrigo de Freitas",
              "Fim do dia no Leblon"
            ]
          }
        ]
      },
      {
        "date": "Dia 21",
        "city": "Regresso a Lisboa",
        "transport": [
          {
            "type": "avião",
            "text": ""
          }
        ],
        "details": [
          {
            "label": null,
            "items": [
              "Relaxar na piscina ou na praia antes do aeroporto"
            ]
          }
        ]
      }
    ]
  }
}